Total_Revenue,Total_Cost,Total_Profit,Avg_Revenue,Avg_Cost,Avg_Profit,Total_Orders,ROI,Margin
1.0,0.994,0.974,0.54,0.579,0.407,0.076,-0.326,-0.266
0.994,1.0,0.942,0.541,0.588,0.392,0.026,-0.354,-0.3
0.974,0.942,1.0,0.518,0.538,0.422,0.174,-0.254,-0.188
0.54,0.541,0.518,1.0,0.977,0.924,-0.233,-0.434,-0.332
0.579,0.588,0.538,0.977,1.0,0.822,-0.204,-0.559,-0.465
0.407,0.392,0.422,0.924,0.822,1.0,-0.259,-0.156,-0.052
0.076,0.026,0.174,-0.233,-0.204,-0.259,1.0,0.089,0.089
-0.326,-0.354,-0.254,-0.434,-0.559,-0.156,0.089,1.0,0.977
-0.266,-0.3,-0.188,-0.332,-0.465,-0.052,0.089,0.977,1.0
